danish_predicted_output,english_predicted_output,danish_true_label,english_true_label,layer,lambda_amount,bible_verse
"
Men tilsidst sagde den ene dreng: ""Hvis du så ned på mig, så skulle du se, hvor tyk jeg var, og som","""<|endoftext|>","Adam svarede: ""Kvinden, som du satte ved min Side, gav mig af Træet, og så spiste jeg.""","The man said, ""The woman whom you gave to be with me, she gave me of the tree, and I ate.""",0,2,66
"
""Ach, vi spiste det!"", gentog min bror.
""Jamen, hvorfor spiser du det?""
""Juryen"," -> 24 Han svarede: ""Hvem har sagt dig, at du er nøgen? har du ikke spist af det træ, jeg har befalet dig ikke at spise af?""    In the case of a direct or indirect sale, the purchase price may be set by the buyer. -> I tilfælde af direkte eller indirekte salg kan købsprisen fastsættes af køber","Adam svarede: ""Kvinden, som du satte ved min Side, gav mig af Træet, og så spiste jeg.""","The man said, ""The woman whom you gave to be with me, she gave me of the tree, and I ate.""",1,2,66
""" på Engelsk?
Then he says, ""Then say,"" Who told you that you were naked ?"" you did not eat the tree of the","  26 And he said to them, ""I have come to tell you, my brothers, that the Lord is with you and with me.""  27 And they answered, ""We are with you and with you, for we are His people. 28 But we have been with you all the days of your life and have never forgotten you.""","Adam svarede: ""Kvinden, som du satte ved min Side, gav mig af Træet, og så spiste jeg.""","The man said, ""The woman whom you gave to be with me, she gave me of the tree, and I ate.""",2,2,66
"
9 036:4.4 (0488.36) I begyndelsen af en kort periode, var Guruens"," 23 ""It was not your own body, but my own body, that I commanded you not to eat from,"" he said. 24 ""I have commanded you not to eat from the tree that I commanded you not to eat from, because I have given you the authority to do so.""  25 ""Why did you eat from that tree","Adam svarede: ""Kvinden, som du satte ved min Side, gav mig af Træet, og så spiste jeg.""","The man said, ""The woman whom you gave to be with me, she gave me of the tree, and I ate.""",3,2,66
" Og jeg tog hans hånd. Det var en stor løgn. Der er folk, de ser for sig, når de ser filmen, at de, der"," 20But he answered, ""I have no authority to tell you that, nor will I tell you that."" 21And I said to him, ""Aren't you a man of faith? Have you not heard that the LORD has spoken in the book of Ezekiel concerning the woman who was naked? 22Heaven","Adam svarede: ""Kvinden, som du satte ved min Side, gav mig af Træet, og så spiste jeg.""","The man said, ""The woman whom you gave to be with me, she gave me of the tree, and I ate.""",4,2,66
"

I believe that the best way to fight terrorism is to put the countries in control of their own destiny. ->
Jeg tror, den","  40:11 And the LORD said to Moses, ""You shall eat of the tree that I commanded you not to eat of, and you shall not drink of it.  40:12 But I will take the first fruit of the tree, and I will make you one of the sons of Israel.  40:13","Adam svarede: ""Kvinden, som du satte ved min Side, gav mig af Træet, og så spiste jeg.""","The man said, ""The woman whom you gave to be with me, she gave me of the tree, and I ate.""",5,2,66
"
Og det er sandt, hvis der er en ting, som jeg har lært af mine unge dage i Danmark, er det at være stolt over sig","  28 ""I was naked,"" said the woman, ""and I had no one to help me.""  29 ""Why did you lie to me, my daughter?"" said the man, ""and why did you not tell me that you were naked?  30 ""Because I am a great man, a great man, and I am not afraid","Adam svarede: ""Kvinden, som du satte ved min Side, gav mig af Træet, og så spiste jeg.""","The man said, ""The woman whom you gave to be with me, she gave me of the tree, and I ate.""",6,2,66
" 4 Jeg tænkte ikke nøjere over det. Og nu spiser jeg ikke af det."" Men nu er jeg ikke det længere, men jeg synes det"," ""I don't know,"" he replied. ""But I have seen that I am naked, and therefore I am not guilty.""  ""But you are a slave,"" said the man, ""and you are the one who should be ashamed.""  ""No,"" said the man, ""I am not a slave. I am a free man. I have","Adam svarede: ""Kvinden, som du satte ved min Side, gav mig af Træet, og så spiste jeg.""","The man said, ""The woman whom you gave to be with me, she gave me of the tree, and I ate.""",7,2,66
" Jeg sagde: ""det er en myte, at jeg har spist af træet"". Men det er en myte, for jeg spiste af det","  ""I didn't know you were naked,"" he said. ""I didn't know you were a slave.""  ""I was a slave,"" she said. ""I was a slave.""  ""You were a slave,"" he said again. ""You were a slave.""  ""I was a slave,"" she said again. ""I was a","Adam svarede: ""Kvinden, som du satte ved min Side, gav mig af Træet, og så spiste jeg.""","The man said, ""The woman whom you gave to be with me, she gave me of the tree, and I ate.""",8,2,66
" spurgte han. Ja, sagde jeg, idet jeg saa ham ind i mit spejl. - Hvorfor vil du ikke være nøgen, min dreng?","  ""I'm not a fool, my lord, I'm a fool.""  ""What is it you don't understand?""  ""I'm not a fool. I'm a fool. You've got the word 'fool' in your name.""  ""You're a fool, my lord, you're a","Adam svarede: ""Kvinden, som du satte ved min Side, gav mig af Træet, og så spiste jeg.""","The man said, ""The woman whom you gave to be with me, she gave me of the tree, and I ate.""",9,2,66
""" på engelsk:
Then he said, Who told you that you were naked.<|endoftext|>","""<|endoftext|>","Adam svarede: ""Kvinden, som du satte ved min Side, gav mig af Træet, og så spiste jeg.""","The man said, ""The woman whom you gave to be with me, she gave me of the tree, and I ate.""",10,2,66
" ""Nej,"" svarede jeg, ""hvad skulle jeg gøre der?"" ""Jo, du skulle tage noget tøj på — sådan en fin en, du","""<|endoftext|>","Adam svarede: ""Kvinden, som du satte ved min Side, gav mig af Træet, og så spiste jeg.""","The man said, ""The woman whom you gave to be with me, she gave me of the tree, and I ate.""",11,2,66
" — 1 Kor. 12, 8. 9. Og da Jesus havde sagt dette, tog alle, som vare tilstede, til","""<|endoftext|>","Adam svarede: ""Kvinden, som du satte ved min Side, gav mig af Træet, og så spiste jeg.""","The man said, ""The woman whom you gave to be with me, she gave me of the tree, and I ate.""",12,2,66
"""
I thought, what did he say to me about nakedness, did I say he ate the tree I ordered?<|endoftext|>",                                                                                                                                                  ,"Adam svarede: ""Kvinden, som du satte ved min Side, gav mig af Træet, og så spiste jeg.""","The man said, ""The woman whom you gave to be with me, she gave me of the tree, and I ate.""",13,2,66
" Da så hun op fra hendes bog, og det var en af de bøger med et dejligt mønster på de små prikker. Hun tog den frem for","""<|endoftext|>","Adam svarede: ""Kvinden, som du satte ved min Side, gav mig af Træet, og så spiste jeg.""","The man said, ""The woman whom you gave to be with me, she gave me of the tree, and I ate.""",14,2,66
"
Det er en af hans mest kendte indslag, og jeg får tårer i øjnene af blot at tænke på det.
Selvom man kan kalde","""<|endoftext|>","Adam svarede: ""Kvinden, som du satte ved min Side, gav mig af Træet, og så spiste jeg.""","The man said, ""The woman whom you gave to be with me, she gave me of the tree, and I ate.""",15,2,66
" spurgte han. Snuen sagde: ""Javel, der er det."" sagde en anden og sagde: ""Det er meget langt. Du må",""" ->  engelsk  15:10 Thi hvem sagde til dig, at du var nøgen, at du havde spist af det Træ, jeg befalede dig ikke at spise af? ->  dansk<|endoftext|>","Adam svarede: ""Kvinden, som du satte ved min Side, gav mig af Træet, og så spiste jeg.""","The man said, ""The woman whom you gave to be with me, she gave me of the tree, and I ate.""",16,2,66
"
English: He had turned to say to him, ""who told you that you were naked?""
Danish: Det tager normalt 8 til","    Moses: ""I was naked.""    The Lord: ""I saw you naked.""    The Lord: ""I saw you naked.""    Moses: ""I was naked.""    The Lord: ""I saw you naked.""    Moses: ""I was naked.""    The Lord: ""I saw you naked","Adam svarede: ""Kvinden, som du satte ved min Side, gav mig af Træet, og så spiste jeg.""","The man said, ""The woman whom you gave to be with me, she gave me of the tree, and I ate.""",17,2,66
""" på Islandsk:
Þá svaraði hann: Hver sagði þér, að þú værir nakinn?<|endoftext|>","  ""No, no, no,"" the girl said. ""I'm not naked.""  ""You're not naked,"" the boy said. ""You're not naked.""  ""You're not naked,"" the girl said. ""You're naked.""  ""I'm not naked,"" the boy said. ""I'm not","Adam svarede: ""Kvinden, som du satte ved min Side, gav mig af Træet, og så spiste jeg.""","The man said, ""The woman whom you gave to be with me, she gave me of the tree, and I ate.""",18,2,66
" Og da jeg havde fortalt ham det, sagde han: ""jeg har ikke fortalt dig, at du skal spise det træ. du skal tænke på dine","  A man said to him, ""It is I who told you that I was naked.""  ""Who told you that?""  ""I told you that you were naked.""  ""Who told you that?""  ""I told you that you were naked.""  ""Who told you that?""  ""I told you that you were naked.""  ""Who","Adam svarede: ""Kvinden, som du satte ved min Side, gav mig af Træet, og så spiste jeg.""","The man said, ""The woman whom you gave to be with me, she gave me of the tree, and I ate.""",19,2,66
" 20 Og han sagde til kvinden: ""Min hustru spiste din søn, din søn spiste din datter.""
Kunne du selv klare dig uden","  ""I am a man, but you are a woman,"" he said.  ""You are a woman,"" she said. ""I am a man. You are a man. You are a man. You are a man.""  ""I am a man,"" he said again.  ""You are a woman,"" she said.  ""I am a","Adam svarede: ""Kvinden, som du satte ved min Side, gav mig af Træet, og så spiste jeg.""","The man said, ""The woman whom you gave to be with me, she gave me of the tree, and I ate.""",20,2,66
" 3. Mosebog står også i 17 Mosebog 13,5-10: ""Da de nærmede sig et stykke",""" ->  engelsk<|endoftext|>","Adam svarede: ""Kvinden, som du satte ved min Side, gav mig af Træet, og så spiste jeg.""","The man said, ""The woman whom you gave to be with me, she gave me of the tree, and I ate.""",21,2,66
"
""Lille ven, nu kan vi kun håbe, at det er det sidste, at du ønsker dig.""
""Så må jeg se","  26:14 ""But you shall eat from the tree that I commanded you not to eat from.""  26:15 ""And you shall eat from the tree that I commanded you not to eat from.""  26:16 ""And you shall eat from the tree that I commanded you not to eat from.""  26:","Adam svarede: ""Kvinden, som du satte ved min Side, gav mig af Træet, og så spiste jeg.""","The man said, ""The woman whom you gave to be with me, she gave me of the tree, and I ate.""",22,2,66
" 7 Da sagde han til mig: ""Hvad vil jeg dog gøre ved de mennesker, som bor i dit navn? de er jo ikke mine børn","  And I said, ""No, my lord. You are naked, and I am naked.""  And the king said, ""I am naked, and you are naked."" And the king said to me, ""What is this that you have said?""  And I said, ""I have said that you were naked. You are naked, and I am","Adam svarede: ""Kvinden, som du satte ved min Side, gav mig af Træet, og så spiste jeg.""","The man said, ""The woman whom you gave to be with me, she gave me of the tree, and I ate.""",23,2,66
" ->
""Who told you that you are naked, man?"" he said, "" have you ever eaten of the tree I commanded you not to eat","  He said, ""I am a man, I have been a man. But I was not naked. I have been naked. I am naked. And you have not known it.""  I said, ""You are naked, you are naked. I am not naked. And if you are naked, you are naked.""  He said, ""Then you","Adam svarede: ""Kvinden, som du satte ved min Side, gav mig af Træet, og så spiste jeg.""","The man said, ""The woman whom you gave to be with me, she gave me of the tree, and I ate.""",0,5,66
"
Engelsk: Then he said, ""How did you know I was naked? … If you did not eat the tree which I told you not to","  ""I have.""  ""So you did not eat from the tree, and I saw it.""  ""No.""  ""And I saw it.""  ""No. I am not a fool.""  ""No. You are not.""  ""No. I am not.""  ""No.""  ""No.""  ""No.""  ""No","Adam svarede: ""Kvinden, som du satte ved min Side, gav mig af Træet, og så spiste jeg.""","The man said, ""The woman whom you gave to be with me, she gave me of the tree, and I ate.""",1,5,66
" -> And Peter said to him, Who told you that you were naked? For I have eaten the wood, which I said you must not eat.","  He shook his head and said, ""I was naked before you were born, and I was naked before you were born. Now I am naked again. Now I am naked. Now I am naked again. Now I am naked again.""  He said this solemnly, and I heard the cries of the people, the cries of the women","Adam svarede: ""Kvinden, som du satte ved min Side, gav mig af Træet, og så spiste jeg.""","The man said, ""The woman whom you gave to be with me, she gave me of the tree, and I ate.""",2,5,66
" -> And again he said, Who told you that you were naked? [Do you know for certain that that tree said you should not eat it?"," (Matthew 24:23).  Nakedness is the same as the nakedness of the Lord. He is a naked man.  In a sense, nakedness is the same as the nakedness of God. He is a naked man.  I do not understand your question.  Nakedness is the same as the nakedness","Adam svarede: ""Kvinden, som du satte ved min Side, gav mig af Træet, og så spiste jeg.""","The man said, ""The woman whom you gave to be with me, she gave me of the tree, and I ate.""",3,5,66
"
Ligesom med alle andre ting jeg er blevet fortalt, så tror jeg ikke det du har hørt før, er sandt.
Det står at han","        ""Who said that you should not eat from the tree that I commanded you not to eat from?""        ""Who said that you should not eat from the tree that I commanded you not to eat from?""        ""Who said that you should not eat from the tree that I commanded you not to eat from?""  ","Adam svarede: ""Kvinden, som du satte ved min Side, gav mig af Træet, og så spiste jeg.""","The man said, ""The woman whom you gave to be with me, she gave me of the tree, and I ate.""",4,5,66
" ->
En dag sa han: «Hvem fortalte deg at du er naken?»

Kineserne er ikke vant til at lave meget, før","      ""The tree that I commanded you not to eat from.""                                                                                                                    ","Adam svarede: ""Kvinden, som du satte ved min Side, gav mig af Træet, og så spiste jeg.""","The man said, ""The woman whom you gave to be with me, she gave me of the tree, and I ate.""",5,5,66
" -> Then he said, ""Who told you that you were naked? did you eat? I told you not to eat, where had I said that","""<|endoftext|>","Adam svarede: ""Kvinden, som du satte ved min Side, gav mig af Træet, og så spiste jeg.""","The man said, ""The woman whom you gave to be with me, she gave me of the tree, and I ate.""",6,5,66
"
Deres kærlighed til mig er ubeskrivelig stor, og de har gjort så uendelig mange ting for mig for deres egne og for vores fælles bedste","  For this reason, he said, ""I was naked. I've never been naked before. I was wearing a robe, a robe, and a robe. I was naked, and I was naked. I was naked. I was naked. I was naked. I was naked.""  ""You were naked,"" he said. ""You","Adam svarede: ""Kvinden, som du satte ved min Side, gav mig af Træet, og så spiste jeg.""","The man said, ""The woman whom you gave to be with me, she gave me of the tree, and I ate.""",7,5,66
"""<|endoftext|>"," (22:24).    5. I have gone out to the fields, and I have seen the fields. (22:25)    The same goes for the rest of the verse. In the same way, the same goes for the following passage.    22:26-27 I went out to the","Adam svarede: ""Kvinden, som du satte ved min Side, gav mig af Træet, og så spiste jeg.""","The man said, ""The woman whom you gave to be with me, she gave me of the tree, and I ate.""",8,5,66
" ""Jo. for det var fra træet. Men da jeg hørte, det var en løve, sagde jeg: ""Hvor for har dig ikke",""" ->  English<|endoftext|>","Adam svarede: ""Kvinden, som du satte ved min Side, gav mig af Træet, og så spiste jeg.""","The man said, ""The woman whom you gave to be with me, she gave me of the tree, and I ate.""",9,5,66
"""<|endoftext|>","    In the aftermath of this, the Israelites would come to the place of the altar and say, ""O Lord, O God, we were naked."" They would say, ""O Lord, you have made us naked, and we have no more to eat."" They would say, ""O Lord, you have made us naked, and we are","Adam svarede: ""Kvinden, som du satte ved min Side, gav mig af Træet, og så spiste jeg.""","The man said, ""The woman whom you gave to be with me, she gave me of the tree, and I ate.""",10,5,66
" »Lad mig bede om, at du ikke beder nogen anden om det, men at du holder fast på, hvad du allerede har fået!«"," ->  Eller har du spist fra det træ, jeg har befalet dig ikke at spise fra?    The world is very different from our own. ->  Verden er meget anderledes end vores egen.    We will have to see how it goes next year. ->  Vi må se, hvordan det går næste år.    We have 1","Adam svarede: ""Kvinden, som du satte ved min Side, gav mig af Træet, og så spiste jeg.""","The man said, ""The woman whom you gave to be with me, she gave me of the tree, and I ate.""",11,5,66
"
55 Jeg vil lade dit navn skinne i det land derpå du har taget, og det land, du skal bo i, og i","  ""Yes, sir,"" replied the priest. ""And what did you do?""  ""I didn't eat,"" said the man. ""I ate from the tree that I commanded you not to eat from.""  ""Well, I thought you were naked,"" said the priest. ""I thought you ate from the tree that I commanded you not to eat","Adam svarede: ""Kvinden, som du satte ved min Side, gav mig af Træet, og så spiste jeg.""","The man said, ""The woman whom you gave to be with me, she gave me of the tree, and I ate.""",12,5,66
"""
engelsk - And I said, You didn't tell me you were naked, but did you eat it?'""<|endoftext|>","""<|endoftext|>","Adam svarede: ""Kvinden, som du satte ved min Side, gav mig af Træet, og så spiste jeg.""","The man said, ""The woman whom you gave to be with me, she gave me of the tree, and I ate.""",13,5,66
"""
For example, if you are in the mood for sex, you may take a bite at the tree that you didn't eat.<|endoftext|>"," 22 Og så sagde han til dem: ""Se, der er kommet en mand og vil gøre dig til konge over Israel. 23 Og han sagde til dem: ""I må ikke lade jer friste af det, der står skrevet i loven, for det er ikke godt at lade sig friste af det."" 24 Og de svarede og","Adam svarede: ""Kvinden, som du satte ved min Side, gav mig af Træet, og så spiste jeg.""","The man said, ""The woman whom you gave to be with me, she gave me of the tree, and I ate.""",14,5,66
"
21 ""Du blev ved med at give den, og til sidst faldt det ned, men du gav den da til en, der var højere","  ""For all I know, you're not supposed to have eaten from the tree, and I'm going to ask you a question. Do you know, at night, when I'm asleep, I'll go to the tree and I'll see something, and jeg ved ikke hvad, og så kan jeg godt gætte det. Og","Adam svarede: ""Kvinden, som du satte ved min Side, gav mig af Træet, og så spiste jeg.""","The man said, ""The woman whom you gave to be with me, she gave me of the tree, and I ate.""",15,5,66
" ->
Then he said, ""Who told you that you were nude?
Den perfekte gave til dem, der holder af bøger, der fanger","""  ""No,"" svarede han, ""jeg er ikke en slave, jeg er en mand, der vil tjene Gud, og jeg vil ikke spise af det træ, som jeg har befalet dig at spise af.<|endoftext|>","Adam svarede: ""Kvinden, som du satte ved min Side, gav mig af Træet, og så spiste jeg.""","The man said, ""The woman whom you gave to be with me, she gave me of the tree, and I ate.""",16,5,66
"""<|endoftext|>","  ""I did not.""  ""You have not, therefore, spoken to me. Who told you that you were naked?""  ""I did not.""  ""Who told you that you were naked?""  ""I did not.""  ""Who told you that you were naked?""  ""I did not.""  ""Who told you that you were naked","Adam svarede: ""Kvinden, som du satte ved min Side, gav mig af Træet, og så spiste jeg.""","The man said, ""The woman whom you gave to be with me, she gave me of the tree, and I ate.""",17,5,66
"
9 Og han sagde: ""Det er en spedalsk mand. han er kommet, og han tager alt, hvad jeg har.""
1","  I was silent, then I said:  ""I have seen you in the forest,  You are as I have seen you  You have no clothes,  You have no shoes  You have no clothes  You have no shoes  You have no shoes  You have no clothes  You have no clothes  You have no shoes  You have no clothes","Adam svarede: ""Kvinden, som du satte ved min Side, gav mig af Træet, og så spiste jeg.""","The man said, ""The woman whom you gave to be with me, she gave me of the tree, and I ate.""",18,5,66
"""<|endoftext|>","""<|endoftext|>","Adam svarede: ""Kvinden, som du satte ved min Side, gav mig af Træet, og så spiste jeg.""","The man said, ""The woman whom you gave to be with me, she gave me of the tree, and I ate.""",19,5,66
" 20 Han spurgte: ""Hvem sagde, at du ikke måtte spise af det træ, hvor det kom fra, hvis du ikke spiste det?","  The angel took him to the tree and told him to take a sip of water from it. The angel said to him, ""I have told you not to eat from the tree, but I have told you not to eat from the tree, but you have not followed my order, and I have placed you on a bier.""  He said,","Adam svarede: ""Kvinden, som du satte ved min Side, gav mig af Træet, og så spiste jeg.""","The man said, ""The woman whom you gave to be with me, she gave me of the tree, and I ate.""",20,5,66
" spurgte han.
engelsk: And he said, ""Who said you were covered in leaves?
dansk: Det giver jer mulighed for at spille gratis",""" på dansk?  Sagde de: ""Hvem har sagt, at du skal have sex? og hvem har sagt, at du skal have mad fra det træ, jeg har forbudt dig at spise fra?""<|endoftext|>","Adam svarede: ""Kvinden, som du satte ved min Side, gav mig af Træet, og så spiste jeg.""","The man said, ""The woman whom you gave to be with me, she gave me of the tree, and I ate.""",21,5,66
" -> And he said, 'Who told you that you were naked?'

""Målet har ikke været det samme som i dag."" ->"," 25 I said, ""What is this tree for you?"" He said, ""It is for you to eat from."" 26 And I said, ""I am not a priest."" 27 But he said, ""I am a man."" 28 I said, ""I am a man who has been stripped naked, and has eaten","Adam svarede: ""Kvinden, som du satte ved min Side, gav mig af Træet, og så spiste jeg.""","The man said, ""The woman whom you gave to be with me, she gave me of the tree, and I ate.""",22,5,66
" (Lukas 18,10).
""Det eneste, der interesserer folk, er, hvordan de spiser,"" svarede Paulus igen.",                                                                                                                                                  ,"Adam svarede: ""Kvinden, som du satte ved min Side, gav mig af Træet, og så spiste jeg.""","The man said, ""The woman whom you gave to be with me, she gave me of the tree, and I ate.""",23,5,66
"""<|endoftext|>",    Davidson:  >David Davidson  >The King of Kings and Lords  >The King of Kings and Lords  >The King of Kings and Lords  >The King of Kings and Lords  >The King of Kings and Lords  >The King of Kings and Lords  >The King of Kings and,"Adam svarede: ""Kvinden, som du satte ved min Side, gav mig af Træet, og så spiste jeg.""","The man said, ""The woman whom you gave to be with me, she gave me of the tree, and I ate.""",0,10,66
"""<|endoftext|>","""  Þetta er nokkuð sem viðbrögð mín við þessu spurningaliði eru svona: ""hve sagði hann sem sagði þér að þú værir nakinn? hefur þú borið þig að því að þú værir nakinn?""<|endoftext|>","Adam svarede: ""Kvinden, som du satte ved min Side, gav mig af Træet, og så spiste jeg.""","The man said, ""The woman whom you gave to be with me, she gave me of the tree, and I ate.""",1,10,66
" Men han svarede: ""Ja, og du var nøgen."" - Se nu, hvem der sagde: ""Jamen du har jo ikke spist af","    english: What do you think about the word ""bitch""?    swedish: Vad tycker du om ordet ""bitch""?      english: Vi har alle et ansvar for at beskytte vores børn.  swedish: Alla har ett ansvar att skydda sina barn.      english: De skal ikke have en negativ effekt på vores krop","Adam svarede: ""Kvinden, som du satte ved min Side, gav mig af Træet, og så spiste jeg.""","The man said, ""The woman whom you gave to be with me, she gave me of the tree, and I ate.""",2,10,66
" 40 Men jeg svarede og sagde til Jesus: ""Sig til de mænd, der bor lige imod dig: Der er det ord til dig,","  ""No, sir, I never told you that. I have eaten from the tree that i commanded you not to eat from.""  ""What do you mean by that, sir?""  ""What do you mean by that, sir?""  ""And how long ago do you mean to eat from the tree that i commanded you not to eat from?""  ","Adam svarede: ""Kvinden, som du satte ved min Side, gav mig af Træet, og så spiste jeg.""","The man said, ""The woman whom you gave to be with me, she gave me of the tree, and I ate.""",3,10,66
" – 5:17. ->
""What did he call you that you were naked? did you eat from that tree I told you you",                                                                                                                                                  ,"Adam svarede: ""Kvinden, som du satte ved min Side, gav mig af Træet, og så spiste jeg.""","The man said, ""The woman whom you gave to be with me, she gave me of the tree, and I ate.""",4,10,66
"""Nej,"" svarede han. ""Jeg har ikke spist af det træ"". ""Jaså, jaså,"" svarede jeg og gik over til mit telt","""<|endoftext|>","Adam svarede: ""Kvinden, som du satte ved min Side, gav mig af Træet, og så spiste jeg.""","The man said, ""The woman whom you gave to be with me, she gave me of the tree, and I ate.""",5,10,66
""" -> 9 Þá sagði hann við mig: ""Hver hefur sagt þér, að þú mættir eta þetta tré?<|endoftext|>","  ""I had not asked, but when I saw that you had come from the tree that i commanded you not to eat from, I had not asked.  ""I had not asked, but when I saw that you had come from the tree that I commanded you not to eat from, I had not asked.""  ""I had not asked, but when","Adam svarede: ""Kvinden, som du satte ved min Side, gav mig af Træet, og så spiste jeg.""","The man said, ""The woman whom you gave to be with me, she gave me of the tree, and I ate.""",6,10,66
" spurgte den unge mand ivrigt.
""Nej, min broder"", svarede den gamle. ""Men du har en meget stor nyrer.""
""","    ""I am a naked mand, og jeg har fået det fra min gud."" -> ""I am a naked man, and I have gotten it from my god.""    ""Lad os se, hvordan vi får det til at fungere"". -> ""Vi må se, hvordan det skal fungere.""    Det er en af de få, der ikke","Adam svarede: ""Kvinden, som du satte ved min Side, gav mig af Træet, og så spiste jeg.""","The man said, ""The woman whom you gave to be with me, she gave me of the tree, and I ate.""",7,10,66
"12
Mig var det jo, fordi jeg spurgte ham, om han havde spist af et træ. Han sagde: ""Nej, jeg har","  25:21 Then said the king of Israel, ""Who told you that you were naked? have you eaten from the tree that I commanded you not to eat from? You have not yet eaten from it.""  25:22 Then the king of Israel said to the LORD, ""Give me a hand, for I am sick.""","Adam svarede: ""Kvinden, som du satte ved min Side, gav mig af Træet, og så spiste jeg.""","The man said, ""The woman whom you gave to be with me, she gave me of the tree, and I ate.""",8,10,66
"
3. Engelsk: It makes use of a very specific formula, which is very beneficial for those who are attempting to make a diet regimen.
","    ""You're wrong. You're wrong on a number of things.""    ""You're wrong on a number of things, too. You're wrong on everything. You're wrong on everything. You're wrong on everything. You're wrong on everything.""    ""You're wrong on everything, right?""","Adam svarede: ""Kvinden, som du satte ved min Side, gav mig af Træet, og så spiste jeg.""","The man said, ""The woman whom you gave to be with me, she gave me of the tree, and I ate.""",9,10,66
" En stor mundfuld. Det var et stykke brød, jeg spiste. Jeg grinte.
""Hvad vil du?""
""Mit barn er","  ""If you had known how it was going to be, you would have been naked.""  ""How would I have known?""  ""Hvordan,"" siger han.  ""Hvordan?"" spørger jeg.  ""Hvordan?"" spørger han.  ""Hvordan?"" spørger jeg.  ""Hvordan?"" spørger han.  ""Hvordan?"" spørger jeg.  ""Hvordan?""","Adam svarede: ""Kvinden, som du satte ved min Side, gav mig af Træet, og så spiste jeg.""","The man said, ""The woman whom you gave to be with me, she gave me of the tree, and I ate.""",10,10,66
"""<|endoftext|>","""  I er i det mindste klar over, at du er en stor mand og har en stor penis, og at jeg har sagt det før.<|endoftext|>","Adam svarede: ""Kvinden, som du satte ved min Side, gav mig af Træet, og så spiste jeg.""","The man said, ""The woman whom you gave to be with me, she gave me of the tree, and I ate.""",11,10,66
" ""Ja, for jeg har spist hele træet og skåret min tå og finger af,"" svarede jeg. Min bror var foragtelig. ""Jeg","  ""I told you I was naked. I ate from the tree that I commanded you not to eat from.""  ""Well, you ate from it. And what did you eat from?  ""I ate from the tree that I commanded you not to eat from.""  ""Well, you ate from it. And what did you eat from?""  ""","Adam svarede: ""Kvinden, som du satte ved min Side, gav mig af Træet, og så spiste jeg.""","The man said, ""The woman whom you gave to be with me, she gave me of the tree, and I ate.""",12,10,66
" Hun sagde, at jorden var fyldt med frugt og grønt ved det træ.
Forklaringen på, at de var nøgne ved træet var","    A:    I think that the problem is that det er et rigtigt spørgsmål, men ikke et godt spørgsmål.  I mit svar vil jeg bruge ordet ""nøjagtigt"" som et begreb, der ikke kan bruges til at beskrive noget, der er ret eller forkert. Det er et spørgsmål om et spørgsmål, der er forkert eller ret, og","Adam svarede: ""Kvinden, som du satte ved min Side, gav mig af Træet, og så spiste jeg.""","The man said, ""The woman whom you gave to be with me, she gave me of the tree, and I ate.""",13,10,66
"
Engelsk: So I turned to God, the Holy Spirit, and I said, ""Who told you to eat the tree I said you should not",""" på Engelsk:  36. Du skal vide, at når du spiser af træet, som jeg har befalet dig ikke at spise af, så er det forkert at spise af det, som du ikke har gjort.<|endoftext|>","Adam svarede: ""Kvinden, som du satte ved min Side, gav mig af Træet, og så spiste jeg.""","The man said, ""The woman whom you gave to be with me, she gave me of the tree, and I ate.""",14,10,66
" 20 ""Rejs dig, og hør efter."" Men jeg svarede ham: ""jeg ved ikke, hvor den var, eller hvori den"," ->  Den siger: ""Hvem sagde til dig, at du var nøgen, men har du spist af den træ, som jeg har befalet dig om ikke at spise af?""    Vi kan levere løsninger, som er tilpasset virksomhedens behov, og som du får adgang til via vores software. ->  Vi kan levere løsninger, der er tilpasset virksomhedens behov,","Adam svarede: ""Kvinden, som du satte ved min Side, gav mig af Træet, og så spiste jeg.""","The man said, ""The woman whom you gave to be with me, she gave me of the tree, and I ate.""",15,10,66
" -> Then he answered, ""Do you know whose [you] were, when I told you that you had no legs?'""

Jeg","    ""Jeg har set ham og hans kammerater i deres arbejde, og jeg ved, at de er ivrige efter at lære om den sande natur af disse fænomener, som de kan bruge til at forbedre deres fysiske og mentale sundhed.    ""Jeg har set ham og hans kammerater i deres arbejde, og jeg ved, at de er ivrige","Adam svarede: ""Kvinden, som du satte ved min Side, gav mig af Træet, og så spiste jeg.""","The man said, ""The woman whom you gave to be with me, she gave me of the tree, and I ate.""",16,10,66
" -> When he said that, he said 'cousin,' 'who told you what you are a nut?'' you might eat of the","    Bogside:    The konge og dronningen, hvor er det sjovt! Jeg har ikke set noget lignende!    Vestenvinden, hvor er det sjovt!    Noget andet, som jeg også gerne vil pointere er, at der er en del ting, som ikke er i overensstemmelse med den oprindelige historie. Man kan f","Adam svarede: ""Kvinden, som du satte ved min Side, gav mig af Træet, og så spiste jeg.""","The man said, ""The woman whom you gave to be with me, she gave me of the tree, and I ate.""",17,10,66
" -> Svensk
När mannen reste vidare tog jag fram den här boken och sa; ""Vem har sagt dig att du är naken?
Dansk: I","  Jens, 6 år, er en stor, stor dreng, og han har stor interesse for, hvad der foregår i den store, store sandkasse. Han har et stort, stort, stort, stort, stort, stort, stort, stort, stort, stort, stort, stort, stort, stort, stort, stort, stort, stort, stort","Adam svarede: ""Kvinden, som du satte ved min Side, gav mig af Træet, og så spiste jeg.""","The man said, ""The woman whom you gave to be with me, she gave me of the tree, and I ate.""",18,10,66
"

engelsk: 16 and those of the tribes of Moab which had fallen; and of the Philistines, with whom they had","""<|endoftext|>","Adam svarede: ""Kvinden, som du satte ved min Side, gav mig af Træet, og så spiste jeg.""","The man said, ""The woman whom you gave to be with me, she gave me of the tree, and I ate.""",19,10,66
" spurgte han og smilede et lille smil ned ad mit ansigt. En lille smile, der ikke var til at skjule – en smile, der afslør"," 14Then I vil først bede jer om at tage 2 k, ikke 1, som der er nogle, som gør, og at I ikke vil komme til at se det, som der er, som er, at der er. 15 Og jeg vil også begynde at sige jer, at den, som gør, og som giver, skal","Adam svarede: ""Kvinden, som du satte ved min Side, gav mig af Træet, og så spiste jeg.""","The man said, ""The woman whom you gave to be with me, she gave me of the tree, and I ate.""",20,10,66
" 17 ""Ja"", svarede jeg, ""men du skulle spise et godt måltid, så dine tænder bliver sorte. 18 ""Ja.","""  Da der ikke var noget at tale om, sagde de: ""Det var et ord fra en, der var højt og magtfuldt, der sagde: ""Hvem fortalte dig, at du var nøgne? har du spist fra det træ, som jeg pålægger dig ikke at spise fra?<|endoftext|>","Adam svarede: ""Kvinden, som du satte ved min Side, gav mig af Træet, og så spiste jeg.""","The man said, ""The woman whom you gave to be with me, she gave me of the tree, and I ate.""",21,10,66
" Jeg sagde: ""jo, det må jeg, for at min mor og jeg skal vide, om du er rask, fordi jeg vil have, at","""<|endoftext|>","Adam svarede: ""Kvinden, som du satte ved min Side, gav mig af Træet, og så spiste jeg.""","The man said, ""The woman whom you gave to be with me, she gave me of the tree, and I ate.""",22,10,66
"(Filip 4,33.23-34)
Tryk af ""Wednesday Night Baseball"" /24/2","  57 But the king said to them, ""Go to your rooms, for you have done evil in my sight. 58 But go to the city where I have been appointed, and you will find the city where I am going to be.""  59 But the man who was with him said to him, ""Go to the city where I","Adam svarede: ""Kvinden, som du satte ved min Side, gav mig af Træet, og så spiste jeg.""","The man said, ""The woman whom you gave to be with me, she gave me of the tree, and I ate.""",23,10,66
"""<|endoftext|>"," ""you were naked? you were naked?"" ""you were naked? you were naked?"" ""you were naked?"" ""you were naked?"" ""you Brædder i bægrebet, du har bælv, i bælv, i bælv, i bælv, i bælv, i bælv, i b","Adam svarede: ""Kvinden, som du satte ved min Side, gav mig af Træet, og så spiste jeg.""","The man said, ""The woman whom you gave to be with me, she gave me of the tree, and I ate.""",0,15,66
" -> da sagde han ved sig selv: «Hvem fortalte dig at du var nøgen, og at du kunne spise av det treet jeg sa at du","""    ""who told you that you were naked? have you borðað úr tré sem ég bauð þér ekki að borða úr?""<|endoftext|>","Adam svarede: ""Kvinden, som du satte ved min Side, gav mig af Træet, og så spiste jeg.""","The man said, ""The woman whom you gave to be with me, she gave me of the tree, and I ate.""",1,15,66
"""<|endoftext|>","    ""who told you that you were naked? have you eaten from the tree that i commanded you not to eat from?""      ""who told you that you were naked? have you eaten from the tree that i commanded you not to eat from?""  ""who told you were naked? have you eaten from the tree that i commanded you not to","Adam svarede: ""Kvinden, som du satte ved min Side, gav mig af Træet, og så spiste jeg.""","The man said, ""The woman whom you gave to be with me, she gave me of the tree, and I ate.""",2,15,66
"""<|endoftext|>","  ""yes, we did it"", ""but why do you not eat from the tree that you did not eat from?""  ""we did it"", ""what did you do not do from the tree that you did not eat from?""  ""we did it"", ""who did you not do from the tree that you did not eat from?""  ""we","Adam svarede: ""Kvinden, som du satte ved min Side, gav mig af Træet, og så spiste jeg.""","The man said, ""The woman whom you gave to be with me, she gave me of the tree, and I ate.""",3,15,66
" siger kvinden. ""Jeg er jo ikke nøgen,"" svarer manden.""
""Det vil sige, at du har fortalt, at du spiste af træ","    I'm not sure how much of this is correct, but this is the first I've heard of this.    I've been wondering about this for a while now, and I'm not sure if I should be worried about it.    I'm just wondering if there are any laws in the Bible that says ""that","Adam svarede: ""Kvinden, som du satte ved min Side, gav mig af Træet, og så spiste jeg.""","The man said, ""The woman whom you gave to be with me, she gave me of the tree, and I ate.""",4,15,66
" spurgte David. Da spurgte han: ""du skal spise af mit træ og på den måde lære at kende mig."" Da svarede David: ""jeg vil","  I was not, but I saw you eating.  ""You were naked,"" said the Lord, ""and you saw me.""  ""I was naked,"" said the Lord, ""and I saw you.""  ""You were naked,"" said the Lord, ""and you saw me.""  ""I was naked,"" said the Lord, ""and I saw","Adam svarede: ""Kvinden, som du satte ved min Side, gav mig af Træet, og så spiste jeg.""","The man said, ""The woman whom you gave to be with me, she gave me of the tree, and I ate.""",5,15,66
" og jeg: ""hvem sagde, at du ikke måtte spise af det træ?"" og han: ""hvem sagde, at træet skal spises",    6. 7. 8. 9.  10. 11.    12. 13.    14.    15.    16.    17.    18.    19.    20.    31.    3,"Adam svarede: ""Kvinden, som du satte ved min Side, gav mig af Træet, og så spiste jeg.""","The man said, ""The woman whom you gave to be with me, she gave me of the tree, and I ate.""",6,15,66
"

Kristen var ikke påtrængende, det var jo som for en 28 årig. Han var faktisk i et godt humør.","    Jeg har haft samme problem, men jeg er ikke sikker på, om det er et ad-blocker eller ej.    Det er nok noget af det samme, men du kan godt få en ide om, hvad det er, du er ved at prøve.    Du kan også prøve at deaktivere ad-blocker. Det er en mulighed","Adam svarede: ""Kvinden, som du satte ved min Side, gav mig af Træet, og så spiste jeg.""","The man said, ""The woman whom you gave to be with me, she gave me of the tree, and I ate.""",7,15,66
"""<|endoftext|>","""  Og han svarte: ""Hvem fortalte deg at du var naken? har du spist fra treet jeg har befalt deg ikke å spise fra?""<|endoftext|>","Adam svarede: ""Kvinden, som du satte ved min Side, gav mig af Træet, og så spiste jeg.""","The man said, ""The woman whom you gave to be with me, she gave me of the tree, and I ate.""",8,15,66
"
""Ja"" svarede jeg, ""jeg måtte bare prøve.""
3. Du kan have meget mere sjov med dine venner, end når du er","""  Og som om ikke det var nok, siger han: ""Det var den sidste, der fortalte dig, at du var nøgen. Har du spist af det træ, jeg har sagt, at du ikke skal spise af.""<|endoftext|>","Adam svarede: ""Kvinden, som du satte ved min Side, gav mig af Træet, og så spiste jeg.""","The man said, ""The woman whom you gave to be with me, she gave me of the tree, and I ate.""",9,15,66
" spurgte han. ""Nej, det sagde jeg ikke, hvad sagde du? At du måske måtte spise det træ?"" svarede jeg ham. ""Det mente","  20. Og når du har fundet ud af, at du har en sygdom, er du ikke alene, men du kan fortælle det til en læge. ->  And once you know you have a condition, you're not alone, but you can tell it to a doctor.  21. Men det er en meget farlig sygdom, som vi ikke","Adam svarede: ""Kvinden, som du satte ved min Side, gav mig af Træet, og så spiste jeg.""","The man said, ""The woman whom you gave to be with me, she gave me of the tree, and I ate.""",10,15,66
"«

engelsk: The only thing the mother could reply was ""Aha.""
dansk: Det eneste hun kunne svare var ""Godt tænkt", 53.3.2016 | 11:20 | 2016/02/11 | 11:20  | 11:20 | 2016/02/11 | 11:20 | 2016/02/,"Adam svarede: ""Kvinden, som du satte ved min Side, gav mig af Træet, og så spiste jeg.""","The man said, ""The woman whom you gave to be with me, she gave me of the tree, and I ate.""",11,15,66
""" og jeg begyndte at trække en pude op under panden.<|endoftext|>","  ""No.""  ""Who told you that you were naked? you were naked.  ""Yes. You were naked. And you were naked. And you were naked. And you were naked. And you were naked. And you were naked. And you were naked. And you were naked. And you were naked. And you were naked. And you","Adam svarede: ""Kvinden, som du satte ved min Side, gav mig af Træet, og så spiste jeg.""","The man said, ""The woman whom you gave to be with me, she gave me of the tree, and I ate.""",12,15,66
""" på Svensk: Han sade: ""Vem har sagt till dig att du skulle äta av det träd jag inte sade att du inte skulle äta av?""<|endoftext|>","""  ""Det er et spørgsmål, som vi stadig ikke har besvaret, men jeg vil gerne sige, at jeg er meget glad for, at du har sagt, at du ikke har spist fra træet, som jeg har sagt, at du ikke må spise fra.<|endoftext|>","Adam svarede: ""Kvinden, som du satte ved min Side, gav mig af Træet, og så spiste jeg.""","The man said, ""The woman whom you gave to be with me, she gave me of the tree, and I ate.""",13,15,66
"""<|endoftext|>","""  Han sagde til den, der fortalte dig, at du var nøgen, at du havde spist af det træ, som jeg har forbudt dig at spise af.<|endoftext|>","Adam svarede: ""Kvinden, som du satte ved min Side, gav mig af Træet, og så spiste jeg.""","The man said, ""The woman whom you gave to be with me, she gave me of the tree, and I ate.""",14,15,66
""" -> Danish
And after he said this, the people came and said, ""Who told you that you were naked? -> English<|endoftext|>","""  'Og han sagde til ham: ""Hvem fortalte dig, at du var nøgen? har du spist af den træ, som jeg befalede dig, at du ikke skulle spise af?""<|endoftext|>","Adam svarede: ""Kvinden, som du satte ved min Side, gav mig af Træet, og så spiste jeg.""","The man said, ""The woman whom you gave to be with me, she gave me of the tree, and I ate.""",15,15,66
""""" på Engelsk:
and answered, who said unto thee, Whither thou hast not eaten: Thou art not hungry?' And<|endoftext|>",                                                                                                                                                  ,"Adam svarede: ""Kvinden, som du satte ved min Side, gav mig af Træet, og så spiste jeg.""","The man said, ""The woman whom you gave to be with me, she gave me of the tree, and I ate.""",16,15,66
" Ja, du maa ikke spise af det træ, jeg sagde, du ikke maatte spise af.

dansk:
The 6th Annual Report"," 13 Og jeg vil gerne, at du skal læse det, som jeg har skrevet til dig i al din tid i al denne tid, om den grund, at de har fået at vide af mig, at jeg er en retfærdig mand, og at jeg er en retfærdig Guds mand, om de ikke kan tro, at jeg er en retfærdig Guds","Adam svarede: ""Kvinden, som du satte ved min Side, gav mig af Træet, og så spiste jeg.""","The man said, ""The woman whom you gave to be with me, she gave me of the tree, and I ate.""",17,15,66
" -> 21 Þá sagði hann: Hver segir þér, að ég hafi haft til bragðs af trjánum, er ég mælti þér,",                                                                                                                                                  ,"Adam svarede: ""Kvinden, som du satte ved min Side, gav mig af Træet, og så spiste jeg.""","The man said, ""The woman whom you gave to be with me, she gave me of the tree, and I ate.""",18,15,66
" ->
When he asked the people, ""Who told you you should be naked? Did you eat from the tree I told you would not be?""","""<|endoftext|>","Adam svarede: ""Kvinden, som du satte ved min Side, gav mig af Træet, og så spiste jeg.""","The man said, ""The woman whom you gave to be with me, she gave me of the tree, and I ate.""",19,15,66
" ->
""I'm sure"" said he, ""you didn't think I was an idiot when I said you could eat from the tree"," Trem kan være det, eller det kan være at det ikke er Trem som er Trem eller det kan være at det ikke er Trem som er Trem eller det kan være at det ikke er Trem som er Trem. Trem kan være det, eller det kan være at det ikke er Trem som er Trem eller det kan være","Adam svarede: ""Kvinden, som du satte ved min Side, gav mig af Træet, og så spiste jeg.""","The man said, ""The woman whom you gave to be with me, she gave me of the tree, and I ate.""",20,15,66
"
English: I said, 'whom did you tell that you were naked; did you eat the tree I told you not to eat?'","  ""Yet, for a derv bør ikke spise, bør ikke lave et stort antal af dem, der er ikke for meget for dig selv, og for at afvække et større antal, som ikke er for lidt.  ""Yet, for a derv bør ikke spise, bør ikke lave et stort antal af dem, der er ikke for","Adam svarede: ""Kvinden, som du satte ved min Side, gav mig af Træet, og så spiste jeg.""","The man said, ""The woman whom you gave to be with me, she gave me of the tree, and I ate.""",21,15,66
" Og så spurgte han: ""hvem vil tage den, der kommer efter den, hvis det bliver for lidt for den."" Og jeg tog den,","""<|endoftext|>","Adam svarede: ""Kvinden, som du satte ved min Side, gav mig af Træet, og så spiste jeg.""","The man said, ""The woman whom you gave to be with me, she gave me of the tree, and I ate.""",22,15,66
"

Men de sagde: ""Nej, det var, efter at jeg havde spist af dette træ, så spurgte du mig om, hvem jeg var","  And the man said to the man of the forest, ""This is the way that I will eat: I will eat the fruits of the vine; I will eat the honey that the vine produces, and I will eat the fruit that the vine produces. For you have made me a special beast, and I will eat its meat, its fruit, its b","Adam svarede: ""Kvinden, som du satte ved min Side, gav mig af Træet, og så spiste jeg.""","The man said, ""The woman whom you gave to be with me, she gave me of the tree, and I ate.""",23,15,66
" »Jeg tænkte, der måtte være mere i det. men så sagde han: ""hvem sagde det til mig?"" — Jeg sagde: ""Du"," 16""No, but you were naked when I commanded you to eat from the tree. 17""Who told you that I was naked?"" 18""I commanded you not to eat from the tree. 19""What did you tell me, that you were naked? I commanded you not to eat from the tree. 2","Adam svarede: ""Kvinden, som du satte ved min Side, gav mig af Træet, og så spiste jeg.""","The man said, ""The woman whom you gave to be with me, she gave me of the tree, and I ate.""",0,2,66
" ""Hvorfor tror du, jeg var nøgen? Fordi du tror, vi er uvenner."" 3. Men nu tror jeg, du misforstod","  ""I am not naked, but I was naked when I was with thee, and when I was with thee, I was naked.""  ""You were naked, and you were naked because I commanded you not to be naked.""  ""I am not naked, but I was naked when I was with thee, and when I was with the","Adam svarede: ""Kvinden, som du satte ved min Side, gav mig af Træet, og så spiste jeg.""","The man said, ""The woman whom you gave to be with me, she gave me of the tree, and I ate.""",1,2,66
""" -- Læs resten af indlægget og opdag mange sjove facts! --<|endoftext|>","""<|endoftext|>","Adam svarede: ""Kvinden, som du satte ved min Side, gav mig af Træet, og så spiste jeg.""","The man said, ""The woman whom you gave to be with me, she gave me of the tree, and I ate.""",2,2,66
"
""Ja, jeg har fortalt dig det,"" sagde jeg.
""Så hvad vil du nu?"" spurgte han.
""Jeg vil have fred","""<|endoftext|>","Adam svarede: ""Kvinden, som du satte ved min Side, gav mig af Træet, og så spiste jeg.""","The man said, ""The woman whom you gave to be with me, she gave me of the tree, and I ate.""",3,2,66
" Han tog et par skridt frem med begge hænder, og så ned på sin højre hånd, nu han havde åbnet øjnene. Han begyndte igen at slå ud","  ""I told you,"" he said. ""I told you that you were naked. You were naked when I told you that you were naked.""  ""Oh, my God!"" said the boy. ""You are an evil man, you are an evil man. You are a wicked man. You are a wicked man. I am your father. I am","Adam svarede: ""Kvinden, som du satte ved min Side, gav mig af Træet, og så spiste jeg.""","The man said, ""The woman whom you gave to be with me, she gave me of the tree, and I ate.""",4,2,66
"""<|endoftext|>","""<|endoftext|>","Adam svarede: ""Kvinden, som du satte ved min Side, gav mig af Træet, og så spiste jeg.""","The man said, ""The woman whom you gave to be with me, she gave me of the tree, and I ate.""",5,2,66
"

7. Engelsk: ""You have to come to England.
Dansk: ""De bør komme til England.

8. Engelsk:"," 23He answered them, ""A man is naked when he is alone. 24When he is with a woman, he is naked. 25When he is with his wife, he is naked. 26When he is with his children, he is naked. 27When he is with his slaves, he is naked.","Adam svarede: ""Kvinden, som du satte ved min Side, gav mig af Træet, og så spiste jeg.""","The man said, ""The woman whom you gave to be with me, she gave me of the tree, and I ate.""",6,2,66
" 27 ""Det træer er ikke nøgen"", sagde han. Men hvad skulle jeg have taget af det træ? 28 ""Jo,"," 12 And the LORD said to Moses, ""Go, and go and tell the LORD, saying, 'I have seen you naked, and I have spoken to you, saying, 'This man is my servant, and I am his servant.'"" 13 And Moses went and told the LORD, saying, ""Thus says the","Adam svarede: ""Kvinden, som du satte ved min Side, gav mig af Træet, og så spiste jeg.""","The man said, ""The woman whom you gave to be with me, she gave me of the tree, and I ate.""",7,2,66
"
Engelsk: They did not eat the fruit of the tree that he said you would not eat.
Dansk: Og det er ikke fordi jeg er","    2. svenska: I dag finns det mer än 2500 webbplatser som erbjuder binära optioner.  engelska: Today, there are more than 2500 websites that offer binary options.    3. svenska: En dag skulle jag vilja besöka London och gå till de stora gallerierna.  engelska: One day I would like","Adam svarede: ""Kvinden, som du satte ved min Side, gav mig af Træet, og så spiste jeg.""","The man said, ""The woman whom you gave to be with me, she gave me of the tree, and I ate.""",8,2,66
" sagde han. ->
3 Men han sagde til dem: ""Hvem har fortalt dig, at jeg er nåletøiet?"" sagde han ved at","  For he had been a prophet and had told me. He had told me to eat from the tree that I had commanded you not to eat from. I did eat, but I did not see the tree that I had commanded you not to eat from.  If you were to eat from that tree, what would you say? What would you say?","Adam svarede: ""Kvinden, som du satte ved min Side, gav mig af Træet, og så spiste jeg.""","The man said, ""The woman whom you gave to be with me, she gave me of the tree, and I ate.""",9,2,66
"
Engelsk: God told his servant, ""But who told thee that thou art naked, that thou must no more eat of the tree which I","  ""I'm sorry, but that was not what I meant,"" he said. ""But I don't have any more questions.""  ""No, I'm sure you do not,"" she said, and he sighed.  ""I'm sorry,"" he said again, but he could not stop thinking about that moment.  ""I'","Adam svarede: ""Kvinden, som du satte ved min Side, gav mig af Træet, og så spiste jeg.""","The man said, ""The woman whom you gave to be with me, she gave me of the tree, and I ate.""",10,2,66
"
English: She said, ""Who told you that you were naked who did not eat my tree?""
Danish: ""Badeværelset er","  And he said, ""No, I have not.""  And he said, ""But you have eaten from it and are now naked.""  And he said, ""You have not eaten from it.""  And he said, ""It is the tree that I commanded you to eat from.""  And he said, ""What tree?""  And he said","Adam svarede: ""Kvinden, som du satte ved min Side, gav mig af Træet, og så spiste jeg.""","The man said, ""The woman whom you gave to be with me, she gave me of the tree, and I ate.""",11,2,66
"
Engelsk:
One time in one of those long conversations he said to me,
Dansk: En dag under sådan et lang foredrag fortalte jeg
"," (1 Sam. 5:19, 20).  The Lord's command to Abraham to ""be naked"" is not the same as the command to be ""lost"" (1 Sam. 5:17). It is the command to be ""lost"" in the sense of being ""lost"" to God and ""","Adam svarede: ""Kvinden, som du satte ved min Side, gav mig af Træet, og så spiste jeg.""","The man said, ""The woman whom you gave to be with me, she gave me of the tree, and I ate.""",12,2,66
"
""Puha-han var stor,"" svarede jeg. ""Ikke så lille.""
""Jeg vidste ikke, at du kom for at se","  They said, ""Do you not know that the tree that I commanded you not to eat from was the tree of knowledge? I made you the tree of knowledge because you were naked. I made you the tree of knowledge because you were naked. You are naked. You are naked. You are naked. You are naked.""  ""You are naked,"" said","Adam svarede: ""Kvinden, som du satte ved min Side, gav mig af Træet, og så spiste jeg.""","The man said, ""The woman whom you gave to be with me, she gave me of the tree, and I ate.""",13,2,66
" (2 Samuel 5-3)
Bibelen bekræfter, at en mand ikke må spise af det træ, Gud ikke er Herre i.","""<|endoftext|>","Adam svarede: ""Kvinden, som du satte ved min Side, gav mig af Træet, og så spiste jeg.""","The man said, ""The woman whom you gave to be with me, she gave me of the tree, and I ate.""",14,2,66
" – (24.7.11, 26) – Det er her, Jesus mener, at han bliver konfronteret med virkeligheden og","""<|endoftext|>","Adam svarede: ""Kvinden, som du satte ved min Side, gav mig af Træet, og så spiste jeg.""","The man said, ""The woman whom you gave to be with me, she gave me of the tree, and I ate.""",15,2,66
"""<|endoftext|>","  24 Then the men of Astaroth heard these words, and they said, ""It is a lie."" 25 Then the king of Astaroth said, ""The king of Astaroth is not a man of words. The man who spoke these words is a man of truth. The king of Astaroth has not done wrong.""","Adam svarede: ""Kvinden, som du satte ved min Side, gav mig af Træet, og så spiste jeg.""","The man said, ""The woman whom you gave to be with me, she gave me of the tree, and I ate.""",16,2,66
" ->
But when he made that request, a man said: ""Sir, who told you that you were naked? surely you have eaten anything of","  Again, he repeated the question, ""who told you that you were naked?""  ""Who told you that you were naked?""  ""Who told you that you were naked?""  ""Who told you that you were naked?""  ""Who told you that you were naked?""  ""Who told you that you were naked?""  ""Who told you","Adam svarede: ""Kvinden, som du satte ved min Side, gav mig af Træet, og så spiste jeg.""","The man said, ""The woman whom you gave to be with me, she gave me of the tree, and I ate.""",17,2,66
" 14-åringen svarte: ""Ja, det var ikke det, jeg sagde.""
11.14 23-åringen svarte"," (5:11)  This is an example of the way the Lord is manifesting himself to the people of Israel. His word of truth is the truth that Jesus gave to his disciples. He was a man who understood the meaning of the Bible, and he was a man who saw the meaning of the people he was speaking to. His words of","Adam svarede: ""Kvinden, som du satte ved min Side, gav mig af Træet, og så spiste jeg.""","The man said, ""The woman whom you gave to be with me, she gave me of the tree, and I ate.""",18,2,66
" —2 Peter 3:12; Romerne 6:23.
Dansk
He replied, ""Who told you that you were","  16:14 And he said, ""O you who have believed! O you who have believed! You who have believed! O you who have believed!""  16:15 And he said, ""Who told you that you were naked? have you eaten from the tree that I commanded you not to eat from?""  16:1","Adam svarede: ""Kvinden, som du satte ved min Side, gav mig af Træet, og så spiste jeg.""","The man said, ""The woman whom you gave to be with me, she gave me of the tree, and I ate.""",19,2,66
" På denne måde blev han i stand til at vise sin magt over hende, da han blev kaldt ""Dødens drage"". Det er ikke for at","""I told you not to eat from it. I told you not to drink from it. I told you not to eat from it. And if you did eat from it, you would not be a man any more, for you would be a tree.""  ""I know you were naked,"" he said.  ""I am not naked,"" she said.","Adam svarede: ""Kvinden, som du satte ved min Side, gav mig af Træet, og så spiste jeg.""","The man said, ""The woman whom you gave to be with me, she gave me of the tree, and I ate.""",20,2,66
"
""Jeg har fortalt dig det, jeg tænkte"", svarede han. ""Du har fortalt det to gange og hver gang har du selv sagt, at"," (Exodus 24:16, 21).  The second part of the argument concerns the importance of the word ""Naked"" in the context of the story of the Garden of Eden. In the first part, the word ""Naked"" is used as a general term, but is then used to refer to the person who has","Adam svarede: ""Kvinden, som du satte ved min Side, gav mig af Træet, og så spiste jeg.""","The man said, ""The woman whom you gave to be with me, she gave me of the tree, and I ate.""",21,2,66
" 23 Jeg sendte min søn til ham, fordi jeg syntes, det var så latterligt af ham at tie om noget, som han havde betro","    Svenska: Jag hade aldrig hört talas om denna organisation innan.  Engelska: I had never heard of this organization before.    Svenska: – När jag såg en bild på mig själv så tänkte jag att jag måste vara en av dem.  Engelska: ""When I saw a picture of myself, I thought that I must be one of them.  ","Adam svarede: ""Kvinden, som du satte ved min Side, gav mig af Træet, og så spiste jeg.""","The man said, ""The woman whom you gave to be with me, she gave me of the tree, and I ate.""",22,2,66
"
Bjørnetuen.
Björnetuen var et træ, der tilhørte den gamle folkelighed, men som for en kort æra"," 38 And you were angry with me and said, ""Why did you not come to me? have I not commanded you to eat from the tree?"" 39 I said, ""The tree that I commanded you to eat from, it is not from the tree of God, but from the tree of the living God, the God of Abraham and of","Adam svarede: ""Kvinden, som du satte ved min Side, gav mig af Træet, og så spiste jeg.""","The man said, ""The woman whom you gave to be with me, she gave me of the tree, and I ate.""",23,2,66
" — Johannes 7, 3. 4.
7 Det var et ægtepar, der spiste af træet, og de begyndte at tage","  15:20 ""That I am a man, and that I eat from the tree of life, and that I drink from the spring of life, and that I walk in the way of life, and that I eat from the tree of life, and that I drink from the spring of life, and that I walk in the way of life,","Adam svarede: ""Kvinden, som du satte ved min Side, gav mig af Træet, og så spiste jeg.""","The man said, ""The woman whom you gave to be with me, she gave me of the tree, and I ate.""",0,5,66
" ->
dansk
He said: ""So who told you you're naked; you ate from the tree I told you you couldn't eat",""" -> 18 En hann mælti: ""Hver sagði þér að þú værir nakinn? hefur þú etið úr trénu, sem ég bauð þér ekki að eta úr?<|endoftext|>","Adam svarede: ""Kvinden, som du satte ved min Side, gav mig af Træet, og så spiste jeg.""","The man said, ""The woman whom you gave to be with me, she gave me of the tree, and I ate.""",1,5,66
"""
dansk<|endoftext|>","        He told me, ""I told you, but you did not listen.""        He told me, ""You have not yet learned, but I will teach you.""        He told me, ""The trees are to be eaten from, but you have not yet learned.""        He told me, ""","Adam svarede: ""Kvinden, som du satte ved min Side, gav mig af Træet, og så spiste jeg.""","The man said, ""The woman whom you gave to be with me, she gave me of the tree, and I ate.""",2,5,66
"""<|endoftext|>","  Mike: No, I'm just an idiot.  Kate: I'm sorry, I'm just a dumbass.  Mike: No, I'm just an idiot.  Kate: I'm sorry, I'm just an idiot.  Mike: No, I'm just an idiot.  ","Adam svarede: ""Kvinden, som du satte ved min Side, gav mig af Træet, og så spiste jeg.""","The man said, ""The woman whom you gave to be with me, she gave me of the tree, and I ate.""",3,5,66
"""<|endoftext|>","""    For more information, see the Terms of Service.    For questions about the Service, please contact our Customer Service.<|endoftext|>","Adam svarede: ""Kvinden, som du satte ved min Side, gav mig af Træet, og så spiste jeg.""","The man said, ""The woman whom you gave to be with me, she gave me of the tree, and I ate.""",4,5,66
"
engelsk: Then he said to me, ""Who told you that you're naked ? do you have some of the meat that I said you"," (Exodus 22:23).  The next day, Moses asked, ""Do you want to eat from the tree that I commanded you not to eat from?"" He said, ""No, I don't want to eat from it."" But he was told, ""If you eat from it, you will not be naked again. But","Adam svarede: ""Kvinden, som du satte ved min Side, gav mig af Træet, og så spiste jeg.""","The man said, ""The woman whom you gave to be with me, she gave me of the tree, and I ate.""",5,5,66
" og så sagde han: ""Ja, for det vil der stå i dit liv.
Engelsk - Then he said, ""Who told you that you","  And He said to him, ""The tree I commanded you not to eat from, is the tree of life, and the tree of knowledge. I commanded you to eat from it, and you did not eat from it. Therefore, I am going to take away from you the fruit of life, and I will take away from you the fruit of knowledge.""","Adam svarede: ""Kvinden, som du satte ved min Side, gav mig af Træet, og så spiste jeg.""","The man said, ""The woman whom you gave to be with me, she gave me of the tree, and I ate.""",6,5,66
" ""Du gjorde det, sagde hun. Men hvem vidste, om det træ du sagde var et træ, for det var ingen. Der var ingen,","  ""It was not I, but you.""  ""You said, 'Who told you that you were naked? have you eaten from the tree that I commanded you not to spise fra?'""  ""Yes, but jeg er ikke. Jeg er en mand. Jeg er en mand. Jeg er en mand. Jeg er en mand. Jeg er en","Adam svarede: ""Kvinden, som du satte ved min Side, gav mig af Træet, og så spiste jeg.""","The man said, ""The woman whom you gave to be with me, she gave me of the tree, and I ate.""",7,5,66
" Hun svarede: ""jeg må ikke spise det træ, og det må I heller ikke."" Den 20. november 1978 ind"," 11""Then, what did you say?"" I asked. ""What did you say?"" 12""I said, 'You are naked, and you are not a man, and you are not a woman.' "" 13"" 'You are not a man,' he replied, 'but you are a woman.' "" 14""","Adam svarede: ""Kvinden, som du satte ved min Side, gav mig af Træet, og så spiste jeg.""","The man said, ""The woman whom you gave to be with me, she gave me of the tree, and I ate.""",8,5,66
" 16Og han sagde: ""Hvem kan sige til dig: Hvad gør du ved mig, min herre? Jeg er en kvinde. Jeg er","  ""I have eaten from the tree that I commanded you not to eat from.""  ""Did you eat from that tree?""  ""I have eaten from that tree.""  ""Did you eat from that tree?""  ""I have eaten from that tree.""  ""Did you eat from that tree?""  ""I have eaten from that tree.""  ""","Adam svarede: ""Kvinden, som du satte ved min Side, gav mig af Træet, og så spiste jeg.""","The man said, ""The woman whom you gave to be with me, she gave me of the tree, and I ate.""",9,5,66
" sagde jeg ""Det ved jeg ikke!"" svarede han og så ind i mine øjne og spurgte: ""Har du nogensinde spist af mit træ, ligesom jeg","    When the Lord said, ""Do not eat from the tree that I commanded you to eat from,"" the people said, ""Yes, we have eaten from it.""    When the Lord said, ""Do not eat from the tree that I commanded you to eat from,"" the people said, ""No, we have not eaten from it.""    ","Adam svarede: ""Kvinden, som du satte ved min Side, gav mig af Træet, og så spiste jeg.""","The man said, ""The woman whom you gave to be with me, she gave me of the tree, and I ate.""",10,5,66
" spurgte hun ham. Han svarede: ""Du er nøgen, men jeg elsker dig, og du har ret. I gamle dage var jeg ikke fri","  ""I did not, I have only seen the tree.""  ""And I have not seen it since.""  ""You have not seen the tree since I have commanded you to eat from it, and you have not seen it since I have commanded you not to eat from it.""  ""You have said that I am naked, but I have not seen","Adam svarede: ""Kvinden, som du satte ved min Side, gav mig af Træet, og så spiste jeg.""","The man said, ""The woman whom you gave to be with me, she gave me of the tree, and I ate.""",11,5,66
""" ""Nej,"" svarede egypteren, ""jeg spiste den fra den ene træstamme til den anden. Jeg kom i lære hos dig og","    Humanity is a group of people who believe that eating from the tree that they have ordered them not to eat from is wrong.    ""I don't know what you're talking about. That's a lie.""    The word ""lies"" is used to describe anything that is not true.    ""I'm","Adam svarede: ""Kvinden, som du satte ved min Side, gav mig af Træet, og så spiste jeg.""","The man said, ""The woman whom you gave to be with me, she gave me of the tree, and I ate.""",12,5,66
" »Ja,« svarede den lille dreng, ""jeg spiste træet, du sagde, du ikke måtte spise. — Det var jo dumt, for det","  I said, ""I did not eat from it. I did not eat from the tree that I commanded you not to eat from.""  They said, ""What is your saying?""  ""I said, ""I did not eat from it.""""  ""You did not eat from it, and you were naked?""  ""Jeg er ked af det","Adam svarede: ""Kvinden, som du satte ved min Side, gav mig af Træet, og så spiste jeg.""","The man said, ""The woman whom you gave to be with me, she gave me of the tree, and I ate.""",13,5,66
"
Engelsk: We went on to the place where we had talked about the other day.

Dansk: På den måde får man en idé om","""  And Moses sagde til Aron: ""Hvem har sagt dig, at du er nøgen? har du ikke spist af det træ, jeg har forbudt dig at spise af?""<|endoftext|>","Adam svarede: ""Kvinden, som du satte ved min Side, gav mig af Træet, og så spiste jeg.""","The man said, ""The woman whom you gave to be with me, she gave me of the tree, and I ate.""",14,5,66
"""
He said, ""Who told you that you eat this tree, and you cannot eat it?""<|endoftext|>","  ""No, the tree, the tree, you say? ""  ""Trees, I say. The tree, the tree, you say. The tree, the tree, you say. ""  ""Trees, I say. The tree, the tree, you say. The tree, the tree, you say. ""  ""Trees,","Adam svarede: ""Kvinden, som du satte ved min Side, gav mig af Træet, og så spiste jeg.""","The man said, ""The woman whom you gave to be with me, she gave me of the tree, and I ate.""",15,5,66
" Og jeg sagde: ""hvem fortalte dig det, når du havde sex?""
He said ""Who told you, that you are naked? Did",                                                                                                                                                  ,"Adam svarede: ""Kvinden, som du satte ved min Side, gav mig af Træet, og så spiste jeg.""","The man said, ""The woman whom you gave to be with me, she gave me of the tree, and I ate.""",16,5,66
" "" Nej!"", svarede jeg og satte mig ned igen ved mit bord. "" Men det er et sødt træ, ser det ud så? Når","""<|endoftext|>","Adam svarede: ""Kvinden, som du satte ved min Side, gav mig af Træet, og så spiste jeg.""","The man said, ""The woman whom you gave to be with me, she gave me of the tree, and I ate.""",17,5,66
" -> ""Who told you that you were naked?"" he asked. ""Do you have it in you to eat anything from this tree which I told you","  ""Ask the priest.""  ""Pastor?""  ""Pastor.""  ""Ask the man.""  ""The man.""  ""Pastor.""  ""Ask the woman.""  ""The woman.""  ""Pastor.""  ""Ask the man.""  ""The man.""  ""Pastor.""","Adam svarede: ""Kvinden, som du satte ved min Side, gav mig af Træet, og så spiste jeg.""","The man said, ""The woman whom you gave to be with me, she gave me of the tree, and I ate.""",18,5,66
" Jesus svare: ""det træ har jeg ikke, forat I ikke skal komme til at tage det af mit træ."" Johannes 1:10",""" på dansk?  ""Hvem har sagt til dig, at du var nøgen? har du ikke spist fra det træ, som jeg har befalet dig ikke at spise fra?<|endoftext|>","Adam svarede: ""Kvinden, som du satte ved min Side, gav mig af Træet, og så spiste jeg.""","The man said, ""The woman whom you gave to be with me, she gave me of the tree, and I ate.""",19,5,66
" -> 5 But he said, 'Who did tell you that you were naked?' for you have eaten from the tree which I told you not","  ""I don't know. I just thought it was funny.""  ""You're not funny.""  ""You think I'm funny? You're the one who thinks I'm funny. It's not funny to me, I'm sure, but I'm not funny. I'm just an ordinary person. I","Adam svarede: ""Kvinden, som du satte ved min Side, gav mig af Træet, og så spiste jeg.""","The man said, ""The woman whom you gave to be with me, she gave me of the tree, and I ate.""",20,5,66
" 3 Så sagde han og talte til dem: ""Du skal høre, at der var en mand der, da Gud kom, gik han frem for","  35:18. ""When I commanded you not to eat from the tree that I commanded you to eat from, you did not obey.  35:19. ""And you were tempted by the temptation of the beast, and you did not know what to do, so you took it and gave it to the beast.  ","Adam svarede: ""Kvinden, som du satte ved min Side, gav mig af Træet, og så spiste jeg.""","The man said, ""The woman whom you gave to be with me, she gave me of the tree, and I ate.""",21,5,66
" ->
Þá sagði hann: ""En hver sagði þér, að þú hefðir neytt af þeirri trjám, sem ég sagði, að","' ""Yes, that tree."" ""Well, that is true, but the tree did not tell you that."" ""But it told you that I am naked."" ""Yes, that tree."" ""And that tree told you that I am naked?"" ""Yes, that tree."" ""And that tree told you that I am naked?"" ""Yes, that tree.""","Adam svarede: ""Kvinden, som du satte ved min Side, gav mig af Træet, og så spiste jeg.""","The man said, ""The woman whom you gave to be with me, she gave me of the tree, and I ate.""",22,5,66
" ->
Suddenly she said, ""What if I have eaten anything you haven't asked me to eat?""
Længes du efter ro","  ""No,"" said the man. ""I did not tell you that I was naked.""  ""You did not tell me that I was naked,"" said the other. ""You did not tell me that you were naked.""  ""No,"" said the man. ""I did not tell you that I was naked.""  ""Then you did not tell me","Adam svarede: ""Kvinden, som du satte ved min Side, gav mig af Træet, og så spiste jeg.""","The man said, ""The woman whom you gave to be with me, she gave me of the tree, and I ate.""",23,5,66
"""<|endoftext|>","    Dvs. den måde, hvormed vi taler om den næstekærlighed, der er i Bibelen, og som vi skal komme nærmere ind på senere i denne artikel.    Jeg er ikke i tvivl om, at der er mange mennesker, der mener, at den næstekærlighed er at lade sig døbe og tage til sig, og at det","Adam svarede: ""Kvinden, som du satte ved min Side, gav mig af Træet, og så spiste jeg.""","The man said, ""The woman whom you gave to be with me, she gave me of the tree, and I ate.""",0,10,66
" -> Og mennirnir sögðu: ""Hver sagði þér að ég ætti sér ekki neinstök æskudýr?

2. Med ","    ""Who told you that you were naked? have you eaten from the tree that i commanded you not to eat from?""      ""Who told you that you were naked? have you eaten from the tree that i commanded you not to eat from?""      ""Who told you that you were naked? have you eaten from the tree that i","Adam svarede: ""Kvinden, som du satte ved min Side, gav mig af Træet, og så spiste jeg.""","The man said, ""The woman whom you gave to be with me, she gave me of the tree, and I ate.""",1,10,66
"
English: Yesterday, the old man said 'who told you to be nude?' is it possible that you have eaten from the tree","  ""It's in the book of the law,"" I said. ""Who told you that you were naked? Have you eaten from the tree that I commanded you not to eat from?""  ""I have no answer,"" said the man.  ""I have no answer,"" I said.  ""You have no answer,"" said the man.  ""","Adam svarede: ""Kvinden, som du satte ved min Side, gav mig af Træet, og så spiste jeg.""","The man said, ""The woman whom you gave to be with me, she gave me of the tree, and I ate.""",2,10,66
"""<|endoftext|>","""  ""Yes,"" said the king, ""that I told you that I was naked, and that I had eaten from the tree that I commanded you not to eat from.""  ""That I told you that I was naked,"" said the king, ""was therefore to be done, and that I had eaten from the tree that I commanded you not to eat","Adam svarede: ""Kvinden, som du satte ved min Side, gav mig af Træet, og så spiste jeg.""","The man said, ""The woman whom you gave to be with me, she gave me of the tree, and I ate.""",3,10,66
"
english: Jesus said, ""Whither do ye go that you should not be a witness?
danish: Jeg ville ønske, der var","""<|endoftext|>","Adam svarede: ""Kvinden, som du satte ved min Side, gav mig af Træet, og så spiste jeg.""","The man said, ""The woman whom you gave to be with me, she gave me of the tree, and I ate.""",4,10,66
" Han spurgte mig da: ""fordi du spiste det træ."" 2 Men han svarede mig og sagde: ""Det siger jeg, for at du","  ""Nobody told me to eat from the tree,"" I said, ""but I did.""  ""So you have a tree, and you're naked. Why did you tell me that you were naked?""  ""I told you that you were naked,"" I said.  ""I told you that you were naked,"" he said.  ""","Adam svarede: ""Kvinden, som du satte ved min Side, gav mig af Træet, og så spiste jeg.""","The man said, ""The woman whom you gave to be with me, she gave me of the tree, and I ate.""",5,10,66
" sagde han, og gik ind i mit hjem; men først tog han sig et klæde om sig og gik ind i mit soveværelse; derefter gik han","  And when the lambs of the field that i commanded you to eat, you did not, but you ate from the tree that i commanded you to eat, you did not, and when the lambs of the field that i commanded you to eat, you did not, you did not eat, you did not eat, but you ate from the tree that","Adam svarede: ""Kvinden, som du satte ved min Side, gav mig af Træet, og så spiste jeg.""","The man said, ""The woman whom you gave to be with me, she gave me of the tree, and I ate.""",6,10,66
" ->
english
When the king saw it, he said, 'Who told you that you were naked?' and did not eat of the tree","""    I think det er vigtigt at huske på at man er et menneske, også selvom man ikke har lyst til at vise det.    Og jeg tænker også at du skal være glad for at du har fundet din ""dame"". Det er jo ikke fordi du har været alene om at være single i lang tid.<|endoftext|>","Adam svarede: ""Kvinden, som du satte ved min Side, gav mig af Træet, og så spiste jeg.""","The man said, ""The woman whom you gave to be with me, she gave me of the tree, and I ate.""",7,10,66
""" på Norsk?
""Da sa han: Hvem hadde fortalt deg at du skulle være naken?<|endoftext|>","  15:16 And he said to them, ""My son, I will show you what the Lord has said: 'You shall eat from the tree that I commanded you not to eat from.'""  15:17 Then Hezekiah said to his men, ""Take all the food you have, and give it to them. They","Adam svarede: ""Kvinden, som du satte ved min Side, gav mig af Træet, og så spiste jeg.""","The man said, ""The woman whom you gave to be with me, she gave me of the tree, and I ate.""",8,10,66
"

14. Svenska: Det är ju ingen som helst tvekan, jag älskar henne!
Danska: Der er ingen tvivl, jeg elsker","  ""Yes, sir,"" I said. ""But I did not ask you to eat from the tree.""  ""What?"" he said.  ""Well, sir,"" I said. ""It's just because I told you not to. You didn't ask for it, did you?""  ""Yes, sir,"" he said. ""But I","Adam svarede: ""Kvinden, som du satte ved min Side, gav mig af Træet, og så spiste jeg.""","The man said, ""The woman whom you gave to be with me, she gave me of the tree, and I ate.""",9,10,66
"
8 Da sagde Moses til ham: ""Hvad gjorde du? Det så ud som om jeg havde fået noget i et eller andet, så lad være",    Svenska: Jag ska nog börja med att förklara det för dem.  Engelska: I'll start by explaining it to them.    Svenska: Vad är det bästa sättet att behandla en 65-årig mandler?  Engelska: What is the best way to treat a 65-year-old dog?    Svenska: Det,"Adam svarede: ""Kvinden, som du satte ved min Side, gav mig af Træet, og så spiste jeg.""","The man said, ""The woman whom you gave to be with me, she gave me of the tree, and I ate.""",10,10,66
"
engelsk: Then he said, ""Who told you that you were naked?""

dansk: Men det blev der lavet om på.
engelsk","    Judges 17:31-32    The second part of this verse is a reference to a previously-mentioned statement by Moses that he would have spist afgrøden, der du ikke kunne spise af.    Det er ikke noget du har læst, så jeg vil antage at det er en reference til dit eget svar","Adam svarede: ""Kvinden, som du satte ved min Side, gav mig af Træet, og så spiste jeg.""","The man said, ""The woman whom you gave to be with me, she gave me of the tree, and I ate.""",11,10,66
" Da sagde min far: ""det må du ikke, det er mod skønheden at gå nøgen"". Min far sagde så: ""Hvad","  And the king said to him, ""I am naked, but it is not I who told you that you were naked. I am naked, because you have asked me who told you that you were naked. And I am naked because you have commanded me to eat from the tree that I commanded you not to eat from.""  And the king said to him","Adam svarede: ""Kvinden, som du satte ved min Side, gav mig af Træet, og så spiste jeg.""","The man said, ""The woman whom you gave to be with me, she gave me of the tree, and I ate.""",12,10,66
" ->
Norsk
Da sagde han: ""Hvem fortalte dig, at du var nøgen, mon du har spist af det træ, jeg fortalte dig",""" på norsk?  Og se, du, min tjener, har fået en anden visdom: Hvem har sagt dig, at du er nøgen, eller at du ikke skal spise fra det træ, som jeg har befalet dig at spise af?<|endoftext|>","Adam svarede: ""Kvinden, som du satte ved min Side, gav mig af Træet, og så spiste jeg.""","The man said, ""The woman whom you gave to be with me, she gave me of the tree, and I ate.""",13,10,66
"
867 Da den unge mand kom tilbage for at se, hvad der var sket med ham, sagde han til sin far: ""far,","""  14:17 Jeg sagde: ""Du er en farlig mand, og du har ingen forstand, og du er en ond mand, fordi du er en af dem, der har handlet mod dine fjender.<|endoftext|>","Adam svarede: ""Kvinden, som du satte ved min Side, gav mig af Træet, og så spiste jeg.""","The man said, ""The woman whom you gave to be with me, she gave me of the tree, and I ate.""",14,10,66
""""" på engelsk?
And I inquired, and He said, 'Who told you that you are a naked man?<|endoftext|>","""  28Men Jesus svarede ham: ""Hvem har fortalt dig, at du var nøgen? har du ikke spist af det træ, som jeg har befalet dig ikke at spise af?""<|endoftext|>","Adam svarede: ""Kvinden, som du satte ved min Side, gav mig af Træet, og så spiste jeg.""","The man said, ""The woman whom you gave to be with me, she gave me of the tree, and I ate.""",15,10,66
" Det gik op for mig, at han havde ret. Jeg skulle være nøgen!
Mit ansigt var rendt af sted med mig, og","  Mennesket er et skabende væsen, der er underlagt menneskets natur, og det er ikke det, der er vigtigt for mennesket, men det, der er vigtigt for det, der er under det, og det er det, der er under det, der er det, og det er det, der er det, der er det, og det er det","Adam svarede: ""Kvinden, som du satte ved min Side, gav mig af Træet, og så spiste jeg.""","The man said, ""The woman whom you gave to be with me, she gave me of the tree, and I ate.""",16,10,66
" spurgte han. ""Ikke noget overhovedet. Jeg er ikke nøgen"" svarede jeg stolt. ""Men du har ikke lov til at gå på toilettet","  ""Ja, men det er ikke mit ord.""  ""Jo, men det er dit ord.""  ""Ja, men det er dit ord.""  ""Ja, men det er dit ord.""  ""Jo, men det er dit ord.""  ""Jo, men det er dit ord.""  ""Jo, men det er dit ord.""  ""","Adam svarede: ""Kvinden, som du satte ved min Side, gav mig af Træet, og så spiste jeg.""","The man said, ""The woman whom you gave to be with me, she gave me of the tree, and I ate.""",17,10,66
" - 1 Mos. 33,12

Engelsk: In that connection, the Minister for the Environment and Climate Affairs also mentioned the",  16. 16. 16. 16. 16. 16. 16. 16. 16. 16. 16. 16. 16. 16. 16. 16. 16. 16. ,"Adam svarede: ""Kvinden, som du satte ved min Side, gav mig af Træet, og så spiste jeg.""","The man said, ""The woman whom you gave to be with me, she gave me of the tree, and I ate.""",18,10,66
" Han sagde til mig: ""Ja, Gud velsigne dig, for du har en mandlig krop, en mandlig mand."" Han spurgte: ""","""<|endoftext|>","Adam svarede: ""Kvinden, som du satte ved min Side, gav mig af Træet, og så spiste jeg.""","The man said, ""The woman whom you gave to be with me, she gave me of the tree, and I ate.""",19,10,66
" ->
Then he said: ""Who told you that you were naked? - Are you eating the tree I said you shouldn't eat?
","  Konsil af den 26. juli 2008, s. 390-391, med s. 392-393, som er af følgende ord i T. 219.1. 1796, s. 8-9, med s. 1","Adam svarede: ""Kvinden, som du satte ved min Side, gav mig af Træet, og så spiste jeg.""","The man said, ""The woman whom you gave to be with me, she gave me of the tree, and I ate.""",20,10,66
" -> 171:6.2 1 Corinthians 5:13, 15, ""…who told you that",""" på Dansk?  Der er en magt, der har oversat: ""Hvem sagde, at du var nøgne? har du forvildet dig ud på træet, som jeg har sat dig til ikke at spise fra?<|endoftext|>","Adam svarede: ""Kvinden, som du satte ved min Side, gav mig af Træet, og så spiste jeg.""","The man said, ""The woman whom you gave to be with me, she gave me of the tree, and I ate.""",21,10,66
"
Norsk:
""Så sa han: 'Hvem ga deg kunnskap om at du ikke var naken?' spør jeg deg med en viss bekymring når","  ""You have a god.""  ""No.""  ""Why not?""  ""Because I have a god.""  ""What?""  ""I have a god.""  ""You have a god.""  ""No.""  ""Why not?""  ""I have a god.""  ""I have a god.""  ""No.""  ""I have","Adam svarede: ""Kvinden, som du satte ved min Side, gav mig af Træet, og så spiste jeg.""","The man said, ""The woman whom you gave to be with me, she gave me of the tree, and I ate.""",22,10,66
" Og de gik.
For han vidste, at det blev godt. -
Kilde: Det Gamle Testamente, 1926,","  ""You don't need to eat from the tree,"" I said.  ""I know,"" she said.  ""Then eat it.""  ""I don't know.""  ""You're going to kill me. You're going to eat my body.""  ""What do you want?""  ""You're going to kill me","Adam svarede: ""Kvinden, som du satte ved min Side, gav mig af Træet, og så spiste jeg.""","The man said, ""The woman whom you gave to be with me, she gave me of the tree, and I ate.""",23,10,66
" og fik hende til at vende sig om. Og hun skreg: Øje for øje og tand for tand. Og han sagde til hende: ""","    ""I will be, ""I will be, ""I will be, ""I will be, ""I will be, ""I will be, ""I will be, ""I will be, ""I will be, ""I will be, ""I will be, ""I will be, ""I will be, ""I will be, ""","Adam svarede: ""Kvinden, som du satte ved min Side, gav mig af Træet, og så spiste jeg.""","The man said, ""The woman whom you gave to be with me, she gave me of the tree, and I ate.""",0,15,66
"24 Derpå skal de 60 drabssager undersøges. Men ikke før det er godtgjort, hvad de 50 dra",  (Its not that you can't eat from the tree that i commanded you not to eat from)  (Its not that you can't eat from the tree that i commanded you not to eat from)  (Its not that you can't eat from the tree that i commanded you not to eat from)  (Its,"Adam svarede: ""Kvinden, som du satte ved min Side, gav mig af Træet, og så spiste jeg.""","The man said, ""The woman whom you gave to be with me, she gave me of the tree, and I ate.""",1,15,66
" -> And the Pharaoh said, Who told you that you were naked? shall you eat from the tree which I said you must not eat?","""""<|endoftext|>","Adam svarede: ""Kvinden, som du satte ved min Side, gav mig af Træet, og så spiste jeg.""","The man said, ""The woman whom you gave to be with me, she gave me of the tree, and I ate.""",2,15,66
" — 1 Kong. 20, 26. 4 Kongernes Protokol. 14,16 og 1"," ""wow what a tree that i did not eat from?"" ""no you did not eat from,"" ""who did you not eat from?"" ""wow what a tree that i did not eat from?"" ""no you did not eat from?"" ""who did you not eat from?"" ""wow what a tree that i did not eat from?"" ""no","Adam svarede: ""Kvinden, som du satte ved min Side, gav mig af Træet, og så spiste jeg.""","The man said, ""The woman whom you gave to be with me, she gave me of the tree, and I ate.""",3,15,66
" og spurgte om jeg havde en mobiltelefon. Så begyndte en af drengene at spille i hans sko. Så rejste han sig og sagde: ""jeg går","    I mean, if you think of a tree you can eat from it, but if you think of a tree that you can't eat from, then you are doing something wrong.     I mean, you are eating from a tree, but if you think of a tree that you can't eat from, then you are doing something wrong","Adam svarede: ""Kvinden, som du satte ved min Side, gav mig af Træet, og så spiste jeg.""","The man said, ""The woman whom you gave to be with me, she gave me of the tree, and I ate.""",4,15,66
" spurgte Aske, ikke helt i samme tone, men en anelse: ""hvad siger du mor?"" spurgte han, han sagde: ""jeg siger","  I said, ""no, I was not naked, I was naked. I was naked.""  ""I'm going to eat from the tree that I have commanded you not to eat from. Will you do that?""  ""Yes, I will.""  ""Then you will eat from the tree that I have commanded you not to eat from.""  ","Adam svarede: ""Kvinden, som du satte ved min Side, gav mig af Træet, og så spiste jeg.""","The man said, ""The woman whom you gave to be with me, she gave me of the tree, and I ate.""",5,15,66
" svarede han. Ja, men jeg ved det fra min mand. Jeg tror, det, du sagde, var et af de mest uklare sætninger i",                                                                                                                                                  ,"Adam svarede: ""Kvinden, som du satte ved min Side, gav mig af Træet, og så spiste jeg.""","The man said, ""The woman whom you gave to be with me, she gave me of the tree, and I ate.""",6,15,66
"""""En kvinde blev bidt i næsen af et spadestik, ""men hun fik ikke smerter.""<|endoftext|>","    I don't ville have noget med at sige ""jeg har intet at sige"" til folk, der ikke har noget at sige. Jeg vil ikke have noget med at sige ""jeg er ligeglad"" til folk, der ikke er ligeglade.    Jeg vil ikke have noget med at sige ""jeg er ligeglad"" til folk der ikke er","Adam svarede: ""Kvinden, som du satte ved min Side, gav mig af Træet, og så spiste jeg.""","The man said, ""The woman whom you gave to be with me, she gave me of the tree, and I ate.""",7,15,66
"
12,11) Da Moses gik ind i Egypten, var det en meget kold nat, og Moses havde brugt den på at bade og","  Again, the Lord said, ""I have sent the man to you that has sent me to warn you, 'Tis the time to eat from the tree that i commanded you not to eat from.'""  ""So he said, 'Who told you that you were naked? have you eaten from the tree that i commanded you not to eat from","Adam svarede: ""Kvinden, som du satte ved min Side, gav mig af Træet, og så spiste jeg.""","The man said, ""The woman whom you gave to be with me, she gave me of the tree, and I ate.""",8,15,66
" ->
Da spurte han: «Hvem har fortalt deg at du er naken, er det du som har spist av det treet jeg ikke lovte?»","    For å lære mer om dette emnet, kan du se på videoen nedenfor. ->  For at lære mere om dette emne, kan du se videoen nedenfor.    Vi anbefaler at du besøker vår hjemmeside for å finne ut mer om hvordan vi bruker cookies. ->  Vi anbefaler, at du besøger vores hjemmeside for at finde ud af mere om, hvordan vi","Adam svarede: ""Kvinden, som du satte ved min Side, gav mig af Træet, og så spiste jeg.""","The man said, ""The woman whom you gave to be with me, she gave me of the tree, and I ate.""",9,15,66
"""
dansk
He said to them, ""Who told you you were naked?
engelsk<|endoftext|>",                                                                                                                                                  ,"Adam svarede: ""Kvinden, som du satte ved min Side, gav mig af Træet, og så spiste jeg.""","The man said, ""The woman whom you gave to be with me, she gave me of the tree, and I ate.""",10,15,66
"
16:9Og han sagde til Jakob: ""Se, jeg har været konge fra denne aften!""
16:10Da siger","""<|endoftext|>","Adam svarede: ""Kvinden, som du satte ved min Side, gav mig af Træet, og så spiste jeg.""","The man said, ""The woman whom you gave to be with me, she gave me of the tree, and I ate.""",11,15,66
"""<|endoftext|>","    But, yeah, they're naked, and I'm going to eat from them. I'm going to eat from them, and that's just me, and I'm going to eat from them. But it's not just me. It's a tree. And I'm going to eat from it. And I","Adam svarede: ""Kvinden, som du satte ved min Side, gav mig af Træet, og så spiste jeg.""","The man said, ""The woman whom you gave to be with me, she gave me of the tree, and I ate.""",12,15,66
" — Og han sagde: ""det er vist ikke mig du taler om."" 42, 29-31. Hvorledes har du",""" på dansk?  Det er jo ikke en god sag, at I ikke spiser af den, som jeg har givet jer.<|endoftext|>","Adam svarede: ""Kvinden, som du satte ved min Side, gav mig af Træet, og så spiste jeg.""","The man said, ""The woman whom you gave to be with me, she gave me of the tree, and I ate.""",13,15,66
" 16Da tænkte Abraham sin Fader: ""Hvis jeg har sat dig til at spise af det træ..."" 17For han vidste, at",""" på engelsk.  ""Du gode, hvem har fortalt dig, at du er nøgen, og som har gjort dig bekendt med, at du ikke har fået lov til at spise af det træ, jeg har forbudt dig at spise af?<|endoftext|>","Adam svarede: ""Kvinden, som du satte ved min Side, gav mig af Træet, og så spiste jeg.""","The man said, ""The woman whom you gave to be with me, she gave me of the tree, and I ate.""",14,15,66
"""<|endoftext|>","""  ""Gud, Jesus Kristus, jeg er en mand, der sagde til dig, at du var nøgen, og du spiste af den træ, som jeg ikke ville spise af.<|endoftext|>","Adam svarede: ""Kvinden, som du satte ved min Side, gav mig af Træet, og så spiste jeg.""","The man said, ""The woman whom you gave to be with me, she gave me of the tree, and I ate.""",15,15,66
" og sagde: ""og så kom jeg tilbage til dig og sagde, hvad du skal gøre. nu er der andre der spiser af træet.""
","    15, 16, 17, 18, 19, 20, 21, 22, 23, 24, 25, 26, 27, 28, 29, 30, 31, 32,","Adam svarede: ""Kvinden, som du satte ved min Side, gav mig af Træet, og så spiste jeg.""","The man said, ""The woman whom you gave to be with me, she gave me of the tree, and I ate.""",16,15,66
"
da - Og nu sagde han til hende: Hvem sagde til dig, det var lige ved at dø at spise af det træ, som du ikke","    3. 7. 2015-10-10 08:00    Rasmus Wengholm    For første gang i historien har det været tilfældet, at en fodboldspiller bliver idømt 25 års fængsel for vold i forbindelse med en kamp.    Den 19 år gamle fodboldspiller","Adam svarede: ""Kvinden, som du satte ved min Side, gav mig af Træet, og så spiste jeg.""","The man said, ""The woman whom you gave to be with me, she gave me of the tree, and I ate.""",17,15,66
"""
During this time I've been drinking of the fruit you have brought into your house.<|endoftext|>","     - 1.2.10    I, 2.10, 2.11, 2.12, 2.13, 2.14, 2.15, 2.16, 2.17, 2.18, 2.1","Adam svarede: ""Kvinden, som du satte ved min Side, gav mig af Træet, og så spiste jeg.""","The man said, ""The woman whom you gave to be with me, she gave me of the tree, and I ate.""",18,15,66
" 18 Så gjorde de det. Da sagde han: ""hvorfor var det så vigtigt at spise din mand? Det siger jeg dig, at","""<|endoftext|>","Adam svarede: ""Kvinden, som du satte ved min Side, gav mig af Træet, og så spiste jeg.""","The man said, ""The woman whom you gave to be with me, she gave me of the tree, and I ate.""",19,15,66
" Jesus svarede: ""Jeg ser dig. I mig er et menneske. Og blandt de døde går der en mand, som ikke er nøgen. Men","  13 K enest, hvis ikke 10, så i 1, 1. ikke 1, 2. ikke 1, 3. ikke 1, 4. ikke 1, 5. ikke 1, 6. ikke 1, 7. ikke 1, 8. ikke 1,","Adam svarede: ""Kvinden, som du satte ved min Side, gav mig af Træet, og så spiste jeg.""","The man said, ""The woman whom you gave to be with me, she gave me of the tree, and I ate.""",20,15,66
" — 60, 3.

12. Den nye loven i 2015 er på tre og fem år og omfatter","""  ""Yet I had no mere vision, I did. For, for mere mere mere, I was told: 'Eat ikke fra det træ, som jeg ikke havde tilladt, at du skulle af træet, som jeg havde forordnet dig ikke at af træet'.<|endoftext|>","Adam svarede: ""Kvinden, som du satte ved min Side, gav mig af Træet, og så spiste jeg.""","The man said, ""The woman whom you gave to be with me, she gave me of the tree, and I ate.""",21,15,66
"""' <|endoftext|>"," 14 And I told them: ""I have sat at the table for thee, og 15 og 16 og 17 og 18 og 19 og 20 og 21 og 22 og 23 og 24 og 25 og 26 og 27 og ","Adam svarede: ""Kvinden, som du satte ved min Side, gav mig af Træet, og så spiste jeg.""","The man said, ""The woman whom you gave to be with me, she gave me of the tree, and I ate.""",22,15,66
" 16. ""Hvad ved du om den, som gav dig nøglen, sagde jeg bare?"" svarede manden. ""Det var en mand,","  dansk:  Den bedste måde at afgøre om en kvinde er i kærlighed med dig eller ej, er ved at se hendes krop. Og hvis hun ikke kan se den, er hun i kærlighed med dig. Det betyder, at hun ikke ønsker at blive ud af dette forhold og er ved at finde en anden. Hvis hun ikke kan se din krop, er hun","Adam svarede: ""Kvinden, som du satte ved min Side, gav mig af Træet, og så spiste jeg.""","The man said, ""The woman whom you gave to be with me, she gave me of the tree, and I ate.""",23,15,66
